id,nome_servico,descricao,categoria,subcategoria,entidade_responsavel,tipo_entidade,canal_atendimento,requer_autenticacao,tipo_autenticacao,custo_euros,prazo_dias,publico_alvo,distrito,concelho,disponivel_online,url_servico,palavras_chave,data_atualizacao,popularidade_mensal,avaliacao_media,tempo_medio_atendimento_min,documentos_necessarios,legislacao_aplicavel,idiomas_disponiveis,acessibilidade,estado_servico
1,Renovar Cartão de Cidadão,Renovação do documento de identificação civil português,Documentos,Identificação,Instituto dos Registos e Notariado,Administração Central,Online e Presencial,Sim,Chave Móvel Digital,15.00,10,Cidadãos,Lisboa,Lisboa,Sim,https://eportugal.gov.pt/servicos/renovar-o-cartao-de-cidadao,"cartão cidadão, CC, renovação, identificação",2024-11-15,125000,4.2,15,"Cartão de Cidadão anterior, Fotografia",Lei 7/2007,"Português, Inglês",Sim,Ativo
2,Alterar Morada do Cartão de Cidadão,Atualização da morada registada no Cartão de Cidadão,Documentos,Identificação,Instituto dos Registos e Notariado,Administração Central,Online e Presencial,Sim,Chave Móvel Digital,0.00,5,Cidadãos,Porto,Porto,Sim,https://eportugal.gov.pt/servicos/alterar-a-morada-do-cartao-de-cidadao,"morada, alteração, residência, cartão cidadão",2024-10-20,98000,4.5,10,"Cartão de Cidadão, Comprovativo de morada",Lei 7/2007,"Português, Inglês",Sim,Ativo
3,Ativar Chave Móvel Digital,Ativação do sistema de autenticação digital do Estado,Autenticação,Digital,Agência para a Modernização Administrativa,Administração Central,Online e Presencial,Sim,Cartão de Cidadão,0.00,1,Cidadãos,Braga,Braga,Sim,https://eportugal.gov.pt/servicos/ativar-a-chave-movel-digital,"CMD, autenticação, digital, assinatura",2024-12-01,85000,4.6,8,Cartão de Cidadão com PIN,Decreto-Lei 12/2021,"Português, Inglês",Sim,Ativo
4,Renovar Carta de Condução,Revalidação do título de condução,Transportes,Condução,Instituto da Mobilidade e dos Transportes,Administração Central,Online e Presencial,Sim,Chave Móvel Digital,30.00,15,Condutores,Setúbal,Almada,Sim,https://eportugal.gov.pt/servicos/revalidar-a-carta-de-conducao,"carta condução, renovação, IMT, revalidação",2024-09-10,72000,3.9,20,"Carta de Condução, Atestado médico",Código da Estrada,"Português, Inglês",Sim,Ativo
5,Pedir Certificado de Registo Criminal,Obtenção de certificado de antecedentes criminais,Justiça,Certidões,Direção-Geral da Administração da Justiça,Administração Central,Online e Presencial,Sim,Chave Móvel Digital,5.00,3,Cidadãos e Empresas,Aveiro,Aveiro,Sim,https://eportugal.gov.pt/servicos/pedir-o-certificado-de-registo-criminal-de-pessoas-singulares,"registo criminal, antecedentes, certidão",2024-11-25,68000,4.3,12,Documento de identificação,Lei 37/2015,"Português, Inglês",Sim,Ativo
6,Pedir Número de Identificação Fiscal,Atribuição de NIF para pessoas singulares,Finanças,Identificação Fiscal,Autoridade Tributária e Aduaneira,Administração Central,Online e Presencial,Sim,Sem autenticação,0.00,1,Cidadãos,Coimbra,Coimbra,Sim,https://eportugal.gov.pt/servicos/pedir-o-numero-de-identificacao-fiscal-para-pessoa-singular,"NIF, contribuinte, finanças, fiscal",2024-08-30,55000,4.0,25,"Documento de identificação, Comprovativo de morada",Decreto-Lei 14/2013,"Português, Inglês",Sim,Ativo
7,Consultar Dívidas às Finanças,Verificação de situação fiscal e dívidas pendentes,Finanças,Consultas,Autoridade Tributária e Aduaneira,Administração Central,Online,Sim,Chave Móvel Digital,0.00,0,Cidadãos e Empresas,Faro,Faro,Sim,https://eportugal.gov.pt/servicos/consultar-as-dividas-as-financas,"dívidas, finanças, AT, situação fiscal",2024-12-05,48000,4.1,5,Credenciais Portal das Finanças,Lei Geral Tributária,Português,Sim,Ativo
8,Pedir Subsídio de Desemprego,Requerer prestação social por desemprego,Segurança Social,Prestações Sociais,Instituto da Segurança Social,Administração Central,Online e Presencial,Sim,Chave Móvel Digital,0.00,30,Desempregados,Santarém,Santarém,Sim,https://eportugal.gov.pt/servicos/pedir-o-subsidio-de-desemprego,"desemprego, subsídio, ISS, prestação social",2024-10-15,42000,3.7,35,"Declaração de desemprego, Documento identificação",Decreto-Lei 220/2006,"Português, Inglês",Sim,Ativo
9,Renovar Passaporte,Renovação do documento de viagem português,Documentos,Identificação,Serviço de Estrangeiros e Fronteiras,Administração Central,Online e Presencial,Sim,Chave Móvel Digital,65.00,10,Cidadãos,Viseu,Viseu,Sim,https://eportugal.gov.pt/servicos/renovar-o-passaporte,"passaporte, renovação, viagem, SEF",2024-11-20,38000,4.0,18,"Passaporte anterior, Fotografia, CC",Decreto-Lei 83/2000,"Português, Inglês",Sim,Ativo
10,Marcar Atendimento Segurança Social,Agendamento de atendimento presencial na SS,Segurança Social,Atendimento,Instituto da Segurança Social,Administração Central,Online,Sim,Chave Móvel Digital,0.00,0,Cidadãos,Leiria,Leiria,Sim,https://eportugal.gov.pt/servicos/marcar-atendimento-na-seguranca-social,"marcação, atendimento, segurança social, agendamento",2024-12-10,35000,3.8,3,Número de Segurança Social,N/A,Português,Sim,Ativo
11,Pedir Certidão de Nascimento,Obtenção de certidão de nascimento,Documentos,Certidões,Instituto dos Registos e Notariado,Administração Central,Online e Presencial,Sim,Chave Móvel Digital,10.00,5,Cidadãos,Évora,Évora,Sim,https://eportugal.gov.pt/servicos/pedir-certidao-de-nascimento,"certidão, nascimento, registo civil",2024-09-25,32000,4.4,10,Documento de identificação,Código do Registo Civil,"Português, Inglês",Sim,Ativo
12,Criar Empresa Online,Constituição de sociedade comercial pela internet,Empresas,Criação de Empresas,Instituto dos Registos e Notariado,Administração Central,Online,Sim,Chave Móvel Digital,360.00,1,Empreendedores,Beja,Beja,Sim,https://eportugal.gov.pt/servicos/criar-empresa-online,"empresa, sociedade, constituição, negócio",2024-10-30,28000,4.2,45,"Documento identificação, NIF, IBAN",Decreto-Lei 111/2005,"Português, Inglês",Sim,Ativo
13,Consultar Registo Automóvel,Verificação de dados de veículo registado,Transportes,Veículos,Instituto dos Registos e Notariado,Administração Central,Online,Sim,Chave Móvel Digital,0.00,0,Proprietários de Veículos,Portalegre,Portalegre,Sim,https://eportugal.gov.pt/servicos/consultar-registo-automovel,"automóvel, veículo, registo, matrícula",2024-11-05,26000,4.3,5,Matrícula do veículo,Decreto-Lei 54/75,Português,Sim,Ativo
14,Pedir Abono de Família,Requerer prestação familiar por filhos,Segurança Social,Prestações Familiares,Instituto da Segurança Social,Administração Central,Online e Presencial,Sim,Chave Móvel Digital,0.00,20,Famílias com Filhos,Castelo Branco,Castelo Branco,Sim,https://eportugal.gov.pt/servicos/pedir-abono-de-familia,"abono, família, filhos, prestação familiar",2024-08-20,24000,3.9,30,"CC dos pais, CC ou Cédula dos filhos",Decreto-Lei 176/2003,"Português, Inglês",Sim,Ativo
15,Inscrição no Centro de Emprego,Registo como candidato a emprego no IEFP,Emprego,Inscrição,Instituto do Emprego e Formação Profissional,Administração Central,Online e Presencial,Sim,Chave Móvel Digital,0.00,1,Desempregados,Guarda,Guarda,Sim,https://eportugal.gov.pt/servicos/inscrever-se-no-centro-de-emprego,"emprego, IEFP, inscrição, desemprego",2024-12-08,22000,3.6,20,"CC, Comprovativo de morada",Decreto-Lei 220/2006,"Português, Inglês",Sim,Ativo
16,Pedir Segunda Via Carta de Condução,Obtenção de duplicado da carta de condução,Transportes,Condução,Instituto da Mobilidade e dos Transportes,Administração Central,Online e Presencial,Sim,Chave Móvel Digital,30.00,10,Condutores,Vila Real,Vila Real,Sim,https://eportugal.gov.pt/servicos/pedir-a-segunda-via-da-carta-de-conducao,"segunda via, carta condução, duplicado",2024-09-15,20000,4.0,15,"Documento identificação, Declaração perda/roubo",Código da Estrada,Português,Sim,Ativo
17,Consultar Processo de Segurança Social,Verificação do estado de processos na SS,Segurança Social,Consultas,Instituto da Segurança Social,Administração Central,Online,Sim,Chave Móvel Digital,0.00,0,Cidadãos,Bragança,Bragança,Sim,https://eportugal.gov.pt/servicos/consultar-processo-seguranca-social,"processo, segurança social, consulta, estado",2024-11-28,18000,4.1,3,NISS,N/A,Português,Sim,Ativo
18,Pedir Certidão de Casamento,Obtenção de certidão de estado civil,Documentos,Certidões,Instituto dos Registos e Notariado,Administração Central,Online e Presencial,Sim,Chave Móvel Digital,10.00,5,Cidadãos,Viana do Castelo,Viana do Castelo,Sim,https://eportugal.gov.pt/servicos/pedir-certidao-de-casamento,"certidão, casamento, registo civil, estado civil",2024-10-10,16000,4.4,10,Documento de identificação,Código do Registo Civil,"Português, Inglês",Sim,Ativo
19,Registar Nascimento,Registo de nascimento de recém-nascido,Documentos,Registo Civil,Instituto dos Registos e Notariado,Administração Central,Online e Presencial,Sim,Chave Móvel Digital,0.00,20,Pais,Açores,Ponta Delgada,Sim,https://eportugal.gov.pt/servicos/registar-nascimento,"nascimento, registo, bebé, recém-nascido",2024-07-25,15000,4.5,25,"CC dos pais, Declaração hospital",Código do Registo Civil,"Português, Inglês",Sim,Ativo
20,Pedir Reembolso ADSE,Solicitar reembolso de despesas de saúde,Saúde,ADSE,ADSE - Instituto de Proteção e Assistência na Doença,Administração Central,Online e Presencial,Sim,Chave Móvel Digital,0.00,15,Funcionários Públicos,Madeira,Funchal,Sim,https://eportugal.gov.pt/servicos/pedir-o-reembolso-de-despesas-de-saude-a-adse,"ADSE, reembolso, saúde, despesas médicas",2024-11-12,14000,3.8,8,"Faturas, Receitas médicas",Decreto-Lei 118/83,Português,Sim,Ativo
21,Consultar Multas de Trânsito,Verificação de coimas e contraordenações rodoviárias,Transportes,Contraordenações,Autoridade Nacional de Segurança Rodoviária,Administração Central,Online,Sim,Chave Móvel Digital,0.00,0,Condutores,Lisboa,Cascais,Sim,https://eportugal.gov.pt/servicos/consultar-multas-transito,"multas, trânsito, coimas, ANSR",2024-12-03,13500,4.0,5,Número da carta de condução,Código da Estrada,Português,Sim,Ativo
22,Pedir Pensão de Velhice,Requerer pensão por reforma,Segurança Social,Pensões,Instituto da Segurança Social,Administração Central,Online e Presencial,Sim,Chave Móvel Digital,0.00,60,Idosos,Porto,Matosinhos,Sim,https://eportugal.gov.pt/servicos/pedir-pensao-de-velhice,"pensão, reforma, velhice, aposentação",2024-08-15,13000,3.5,40,"CC, Carreira contributiva",Decreto-Lei 187/2007,"Português, Inglês",Sim,Ativo
23,Entregar IRS,Submissão da declaração anual de rendimentos,Finanças,Impostos,Autoridade Tributária e Aduaneira,Administração Central,Online,Sim,Chave Móvel Digital,0.00,0,Contribuintes,Setúbal,Seixal,Sim,https://eportugal.gov.pt/servicos/entregar-declaracao-irs,"IRS, impostos, declaração, rendimentos",2024-04-30,450000,4.2,30,"Rendimentos, Despesas dedutíveis",Código do IRS,Português,Sim,Ativo
24,Pedir Certidão Permanente de Empresa,Obter certidão atualizada de registo comercial,Empresas,Certidões,Instituto dos Registos e Notariado,Administração Central,Online,Sim,Chave Móvel Digital,25.00,0,Empresas,Aveiro,Ovar,Sim,https://eportugal.gov.pt/servicos/pedir-certidao-permanente-empresa,"certidão permanente, empresa, registo comercial",2024-11-18,12000,4.6,5,NIPC da empresa,Código do Registo Comercial,"Português, Inglês",Sim,Ativo
25,Alterar Atividade Empresarial,Comunicar alteração de CAE ou objeto social,Empresas,Alterações,Instituto dos Registos e Notariado,Administração Central,Online e Presencial,Sim,Chave Móvel Digital,50.00,5,Empresas,Coimbra,Figueira da Foz,Sim,https://eportugal.gov.pt/servicos/alterar-atividade-empresarial,"CAE, atividade, alteração, empresa",2024-10-05,11500,4.0,20,"Certidão permanente, Ata assembleia",Código das Sociedades Comerciais,Português,Sim,Ativo
26,Pedir Cartão Europeu Seguro Doença,Obter CESD para assistência médica na UE,Saúde,Cartões,Instituto da Segurança Social,Administração Central,Online e Presencial,Sim,Chave Móvel Digital,0.00,10,Cidadãos,Braga,Guimarães,Sim,https://eportugal.gov.pt/servicos/pedir-cartao-europeu-seguro-doenca,"CESD, cartão europeu, saúde, viagem",2024-09-20,11000,4.3,8,Número de Utente SNS,Regulamento CE 883/2004,"Português, Inglês",Sim,Ativo
27,Registar Veículo Importado,Legalização de automóvel importado,Transportes,Veículos,Instituto da Mobilidade e dos Transportes,Administração Central,Presencial,Sim,Chave Móvel Digital,55.00,20,Proprietários de Veículos,Faro,Loulé,Não,https://eportugal.gov.pt/servicos/registar-veiculo-importado,"importação, veículo, legalização, matrícula",2024-07-10,10500,3.4,45,"Documentos do veículo, Inspeção, DAV",Decreto-Lei 54/75,"Português, Inglês",Sim,Ativo
28,Pedir Licença de Construção,Requerer alvará de construção,Habitação,Licenciamento,Câmara Municipal,Administração Local,Presencial,Sim,Cartão de Cidadão,500.00,60,Proprietários,Lisboa,Sintra,Parcialmente,https://eportugal.gov.pt/servicos/pedir-licenca-construcao,"construção, licença, obras, alvará",2024-06-30,9800,3.2,60,"Projeto arquitetura, Termos responsabilidade",RJUE,Português,Parcialmente,Ativo
29,Consultar Carreira Contributiva,Verificar histórico de contribuições SS,Segurança Social,Consultas,Instituto da Segurança Social,Administração Central,Online,Sim,Chave Móvel Digital,0.00,0,Trabalhadores,Santarém,Tomar,Sim,https://eportugal.gov.pt/servicos/consultar-carreira-contributiva,"carreira, contribuições, segurança social, reforma",2024-11-22,9500,4.4,3,NISS,N/A,Português,Sim,Ativo
30,Pedir Habitação Social,Candidatura a habitação municipal,Habitação,Apoios,Câmara Municipal,Administração Local,Presencial,Sim,Cartão de Cidadão,0.00,180,Famílias Carenciadas,Porto,Gaia,Parcialmente,https://eportugal.gov.pt/servicos/pedir-habitacao-social,"habitação, social, arrendamento, apoio",2024-05-15,9200,3.0,90,"CC, Declaração rendimentos, Atestado residência",Lei 81/2014,Português,Parcialmente,Ativo
31,Pedir Autorização de Residência,Requerer título de residência em Portugal,Estrangeiros,Residência,Agência para a Integração Migrações e Asilo,Administração Central,Online e Presencial,Sim,Passaporte,90.00,90,Estrangeiros,Lisboa,Amadora,Sim,https://eportugal.gov.pt/servicos/pedir-autorizacao-residencia,"residência, autorização, estrangeiros, AIMA",2024-12-01,8900,2.8,120,"Passaporte, Comprovativo meios subsistência",Lei 23/2007,"Português, Inglês",Sim,Ativo
32,Matricular Criança na Escola,Inscrição em estabelecimento de ensino público,Educação,Matrículas,Ministério da Educação,Administração Central,Online,Sim,Chave Móvel Digital,0.00,5,Pais,Leiria,Marinha Grande,Sim,https://eportugal.gov.pt/servicos/matricular-crianca-escola,"matrícula, escola, educação, ensino",2024-06-01,85000,3.9,15,"CC criança, Boletim vacinas, Comprovativo morada",Lei de Bases do Sistema Educativo,Português,Sim,Sazonal
33,Pedir Bolsa de Estudo,Candidatura a apoio financeiro para estudantes,Educação,Apoios,Direção-Geral do Ensino Superior,Administração Central,Online,Sim,Chave Móvel Digital,0.00,45,Estudantes,Évora,Évora,Sim,https://eportugal.gov.pt/servicos/pedir-bolsa-estudo,"bolsa, estudo, DGES, apoio financeiro",2024-09-01,45000,3.6,20,"CC, Declaração rendimentos agregado",Decreto-Lei 129/93,Português,Sim,Sazonal
34,Pedir Licença de Utilização,Requerer autorização de uso de edifício,Habitação,Licenciamento,Câmara Municipal,Administração Local,Presencial,Sim,Cartão de Cidadão,150.00,30,Proprietários,Viseu,Viseu,Parcialmente,https://eportugal.gov.pt/servicos/pedir-licenca-utilizacao,"utilização, licença, habitação, edifício",2024-08-10,8500,3.5,40,"Telas finais, Certificado energético",RJUE,Português,Parcialmente,Ativo
35,Registar Óbito,Comunicar falecimento às autoridades,Documentos,Registo Civil,Instituto dos Registos e Notariado,Administração Central,Presencial,Sim,Cartão de Cidadão,0.00,3,Familiares,Beja,Beja,Não,https://eportugal.gov.pt/servicos/registar-obito,"óbito, falecimento, registo, morte",2024-10-25,8200,4.1,30,"Certidão óbito hospital, CC falecido",Código do Registo Civil,Português,Sim,Ativo
36,Pedir Estatuto Trabalhador-Estudante,Requerer regime especial de trabalhador-estudante,Educação,Estatutos,Estabelecimento de Ensino,Administração Central,Presencial,Sim,Cartão de Cidadão,0.00,15,Trabalhadores-Estudantes,Guarda,Guarda,Parcialmente,https://eportugal.gov.pt/servicos/pedir-estatuto-trabalhador-estudante,"trabalhador, estudante, estatuto, regime especial",2024-09-10,7800,4.0,10,"Contrato trabalho, Comprovativo matrícula",Código do Trabalho,Português,Sim,Ativo
37,Consultar Processo Judicial,Verificar estado de processo em tribunal,Justiça,Consultas,Direção-Geral da Administração da Justiça,Administração Central,Online,Sim,Chave Móvel Digital,0.00,0,Cidadãos e Advogados,Portalegre,Portalegre,Sim,https://eportugal.gov.pt/servicos/consultar-processo-judicial,"processo, judicial, tribunal, justiça",2024-11-08,7500,3.9,5,Número do processo,Código de Processo Civil,Português,Sim,Ativo
38,Pedir Apoio ao Arrendamento,Candidatura a programa de apoio à renda,Habitação,Apoios,Instituto da Habitação e da Reabilitação Urbana,Administração Central,Online,Sim,Chave Móvel Digital,0.00,30,Arrendatários,Castelo Branco,Castelo Branco,Sim,https://eportugal.gov.pt/servicos/pedir-apoio-arrendamento,"arrendamento, apoio, renda, habitação",2024-07-20,7200,3.4,25,"Contrato arrendamento, IRS, CC",Lei 81/2014,Português,Sim,Ativo
39,Pedir Certidão de Óbito,Obtenção de certidão de falecimento,Documentos,Certidões,Instituto dos Registos e Notariado,Administração Central,Online e Presencial,Sim,Chave Móvel Digital,10.00,5,Familiares,Vila Real,Vila Real,Sim,https://eportugal.gov.pt/servicos/pedir-certidao-obito,"certidão, óbito, falecimento",2024-10-15,7000,4.3,10,CC do requerente,Código do Registo Civil,Português,Sim,Ativo
40,Renovar Licença de Caça,Revalidação de licença de caçador,Ambiente,Licenças,Instituto da Conservação da Natureza e das Florestas,Administração Central,Online e Presencial,Sim,Chave Móvel Digital,35.00,10,Caçadores,Bragança,Bragança,Sim,https://eportugal.gov.pt/servicos/renovar-licenca-caca,"caça, licença, renovação, ICNF",2024-08-25,6800,4.0,15,"Licença anterior, Seguro, Exame médico",Lei da Caça,Português,Sim,Sazonal
41,Pedir Apoio Social de Emergência,Requerer apoio urgente em situação de carência,Segurança Social,Apoios,Instituto da Segurança Social,Administração Central,Presencial,Sim,Cartão de Cidadão,0.00,5,Pessoas em Vulnerabilidade,Viana do Castelo,Viana do Castelo,Não,https://eportugal.gov.pt/servicos/pedir-apoio-social-emergencia,"emergência, apoio social, carência, urgente",2024-11-30,6500,3.3,30,"CC, Comprovativo situação carência",Lei de Bases da Segurança Social,Português,Sim,Ativo
42,Consultar Processo de Cidadania,Verificar estado de pedido de nacionalidade,Documentos,Nacionalidade,Instituto dos Registos e Notariado,Administração Central,Online,Sim,Chave Móvel Digital,0.00,0,Requerentes de Cidadania,Açores,Angra do Heroísmo,Sim,https://eportugal.gov.pt/servicos/consultar-processo-cidadania,"cidadania, nacionalidade, processo, consulta",2024-10-20,6200,3.7,5,Número do processo,Lei da Nacionalidade,Português,Sim,Ativo
43,Pedir Complemento Solidário Idosos,Requerer apoio complementar para pensionistas,Segurança Social,Prestações Sociais,Instituto da Segurança Social,Administração Central,Online e Presencial,Sim,Chave Móvel Digital,0.00,30,Idosos,Madeira,Câmara de Lobos,Sim,https://eportugal.gov.pt/servicos/pedir-complemento-solidario-idosos,"CSI, complemento, idosos, pensão",2024-09-05,6000,3.8,25,"CC, Declaração rendimentos",Decreto-Lei 232/2005,Português,Sim,Ativo
44,Registar Casamento Civil,Formalização de união matrimonial,Documentos,Registo Civil,Instituto dos Registos e Notariado,Administração Central,Presencial,Sim,Cartão de Cidadão,200.00,30,Noivos,Lisboa,Oeiras,Parcialmente,https://eportugal.gov.pt/servicos/registar-casamento-civil,"casamento, civil, registo, matrimónio",2024-06-15,5800,4.2,60,"CC de ambos, Certidões nascimento, Processo preliminar",Código do Registo Civil,Português,Sim,Ativo
45,Pedir Certidão Multiusos,Obter documento com múltiplas finalidades,Documentos,Certidões,Instituto dos Registos e Notariado,Administração Central,Online e Presencial,Sim,Chave Móvel Digital,15.00,3,Cidadãos,Porto,Maia,Sim,https://eportugal.gov.pt/servicos/pedir-certidao-multiusos,"certidão, multiusos, documentos",2024-11-10,5500,4.5,8,Cartão de Cidadão,Código do Registo Civil,"Português, Inglês",Sim,Ativo
46,Pedir Visto de Trabalho,Requerer autorização para trabalhar em Portugal,Estrangeiros,Vistos,Ministério dos Negócios Estrangeiros,Administração Central,Presencial,Sim,Passaporte,90.00,60,Estrangeiros,Lisboa,Lisboa,Parcialmente,https://eportugal.gov.pt/servicos/pedir-visto-trabalho,"visto, trabalho, estrangeiros, emprego",2024-12-05,5200,2.9,90,"Passaporte, Contrato trabalho, Seguro saúde",Lei 23/2007,"Português, Inglês",Sim,Ativo
47,Inscrever Veículo para Inspeção,Agendar inspeção periódica obrigatória,Transportes,Veículos,Centros de Inspeção,Setor Privado,Online,Não,Sem autenticação,30.00,0,Proprietários de Veículos,Setúbal,Barreiro,Sim,https://eportugal.gov.pt/servicos/inscrever-veiculo-inspecao,"inspeção, veículo, IPO, periódica",2024-12-08,48000,4.1,5,Matrícula do veículo,Decreto-Lei 144/2012,Português,Sim,Ativo
48,Pedir Cartão de Cidadão para Menor,Primeira emissão de CC para crianças,Documentos,Identificação,Instituto dos Registos e Notariado,Administração Central,Presencial,Sim,Cartão de Cidadão,15.00,10,Pais,Braga,Barcelos,Não,https://eportugal.gov.pt/servicos/pedir-cartao-cidadao-menor,"cartão cidadão, menor, criança, primeira vez",2024-09-30,4800,4.0,20,"CC dos pais, Cédula pessoal ou assento nascimento",Lei 7/2007,Português,Sim,Ativo
49,Comunicar Início de Atividade,Declarar início de atividade às Finanças,Finanças,Atividade,Autoridade Tributária e Aduaneira,Administração Central,Online e Presencial,Sim,Chave Móvel Digital,0.00,0,Trabalhadores Independentes,Coimbra,Cantanhede,Sim,https://eportugal.gov.pt/servicos/comunicar-inicio-atividade,"início atividade, recibos verdes, trabalhador independente",2024-10-28,4500,4.2,15,NIF,Código do IRS,Português,Sim,Ativo
50,Pedir Rendimento Social de Inserção,Requerer RSI em situação de carência,Segurança Social,Prestações Sociais,Instituto da Segurança Social,Administração Central,Online e Presencial,Sim,Chave Móvel Digital,0.00,45,Pessoas em Vulnerabilidade,Aveiro,Espinho,Sim,https://eportugal.gov.pt/servicos/pedir-rendimento-social-insercao,"RSI, rendimento social, inserção, apoio",2024-11-15,4200,3.2,35,"CC, Comprovativo rendimentos, Contrato inserção",Lei 13/2003,Português,Sim,Ativo
51,Consultar Pontos Carta Condução,Verificar saldo de pontos da carta,Transportes,Condução,Autoridade Nacional de Segurança Rodoviária,Administração Central,Online,Sim,Chave Móvel Digital,0.00,0,Condutores,Faro,Portimão,Sim,https://eportugal.gov.pt/servicos/consultar-pontos-carta-conducao,"pontos, carta condução, saldo, ANSR",2024-12-10,28000,4.4,3,Número carta de condução,Código da Estrada,Português,Sim,Ativo
52,Pedir Isenção de Taxas Moderadoras,Requerer dispensa de pagamento no SNS,Saúde,Isenções,Administração Central do Sistema de Saúde,Administração Central,Online,Sim,Chave Móvel Digital,0.00,10,Utentes SNS,Leiria,Caldas da Rainha,Sim,https://eportugal.gov.pt/servicos/pedir-isencao-taxas-moderadoras,"taxas moderadoras, isenção, SNS, saúde",2024-08-05,3900,4.0,10,"Número utente, Comprovativo situação",Decreto-Lei 113/2011,Português,Sim,Ativo
53,Pedir Duplicado Diploma,Obter segunda via de certificado académico,Educação,Certidões,Estabelecimento de Ensino,Administração Central,Presencial,Sim,Cartão de Cidadão,50.00,20,Diplomados,Évora,Évora,Parcialmente,https://eportugal.gov.pt/servicos/pedir-duplicado-diploma,"diploma, duplicado, certificado, segunda via",2024-07-15,3700,3.9,15,"CC, Declaração extravio",N/A,Português,Sim,Ativo
54,Registar Patente,Proteção de invenção ou modelo de utilidade,Empresas,Propriedade Industrial,Instituto Nacional da Propriedade Industrial,Administração Central,Online e Presencial,Sim,Chave Móvel Digital,106.00,30,Inventores e Empresas,Lisboa,Loures,Sim,https://eportugal.gov.pt/servicos/registar-patente,"patente, invenção, INPI, propriedade industrial",2024-10-12,3500,4.1,45,"Descrição invenção, Reivindicações, Desenhos",Código da Propriedade Industrial,"Português, Inglês",Sim,Ativo
55,Pedir Licença de Pesca,Requerer autorização para pesca lúdica,Ambiente,Licenças,Instituto da Conservação da Natureza e das Florestas,Administração Central,Online e Presencial,Sim,Chave Móvel Digital,10.00,5,Pescadores,Santarém,Abrantes,Sim,https://eportugal.gov.pt/servicos/pedir-licenca-pesca,"pesca, licença, lúdica, ICNF",2024-09-18,3300,4.2,10,Documento de identificação,Lei da Pesca,Português,Sim,Ativo
56,Consultar Notificações Eletrónicas,Aceder a comunicações oficiais digitais,Autenticação,Notificações,Agência para a Modernização Administrativa,Administração Central,Online,Sim,Chave Móvel Digital,0.00,0,Cidadãos e Empresas,Porto,Valongo,Sim,https://eportugal.gov.pt/servicos/consultar-notificacoes-eletronicas,"notificações, eletrónicas, MUD, comunicações",2024-12-12,18000,4.3,3,Chave Móvel Digital,Decreto-Lei 93/2017,Português,Sim,Ativo
57,Pedir Certidão de Dívida e Não Dívida,Comprovar situação perante a SS,Segurança Social,Certidões,Instituto da Segurança Social,Administração Central,Online,Sim,Chave Móvel Digital,0.00,0,Cidadãos e Empresas,Viseu,Lamego,Sim,https://eportugal.gov.pt/servicos/pedir-certidao-divida-nao-divida,"certidão, dívida, segurança social, situação contributiva",2024-11-20,15000,4.5,3,NISS ou NIPC,N/A,Português,Sim,Ativo
58,Comunicar Alteração de Atividade,Atualizar dados de atividade nas Finanças,Finanças,Atividade,Autoridade Tributária e Aduaneira,Administração Central,Online,Sim,Chave Móvel Digital,0.00,0,Trabalhadores Independentes,Guarda,Seia,Sim,https://eportugal.gov.pt/servicos/comunicar-alteracao-atividade,"alteração, atividade, finanças, CAE",2024-10-08,3000,4.1,10,NIF,Código do IRS,Português,Sim,Ativo
59,Pedir Subsídio Parental,Requerer prestação por nascimento de filho,Segurança Social,Prestações Familiares,Instituto da Segurança Social,Administração Central,Online e Presencial,Sim,Chave Móvel Digital,0.00,30,Pais,Beja,Moura,Sim,https://eportugal.gov.pt/servicos/pedir-subsidio-parental,"subsídio, parental, maternidade, paternidade",2024-08-28,12000,4.0,25,"CC, Declaração nascimento, Declaração entidade empregadora",Código do Trabalho,Português,Sim,Ativo
60,Consultar Imóveis Registados,Verificar propriedades em nome próprio,Documentos,Registo Predial,Instituto dos Registos e Notariado,Administração Central,Online,Sim,Chave Móvel Digital,0.00,0,Proprietários,Portalegre,Elvas,Sim,https://eportugal.gov.pt/servicos/consultar-imoveis-registados,"imóveis, propriedades, registo predial, consulta",2024-11-05,8500,4.2,5,NIF,Código do Registo Predial,Português,Sim,Ativo
61,Pedir Autorização de Trabalho Menores,Requerer permissão de trabalho para menor,Emprego,Autorizações,Autoridade para as Condições do Trabalho,Administração Central,Online e Presencial,Sim,Cartão de Cidadão,0.00,15,Representantes de Menores,Vila Real,Chaves,Sim,https://eportugal.gov.pt/servicos/pedir-autorizacao-trabalho-menores,"trabalho, menores, autorização, ACT",2024-07-30,2800,3.8,20,"CC do menor, Autorização pais, Contrato",Código do Trabalho,Português,Sim,Ativo
62,Registar Marca,Proteção de marca comercial,Empresas,Propriedade Industrial,Instituto Nacional da Propriedade Industrial,Administração Central,Online e Presencial,Sim,Chave Móvel Digital,126.00,30,Empresas e Empreendedores,Setúbal,Setúbal,Sim,https://eportugal.gov.pt/servicos/registar-marca,"marca, registo, INPI, comercial",2024-10-22,2600,4.3,30,"Representação da marca, Lista produtos/serviços",Código da Propriedade Industrial,"Português, Inglês",Sim,Ativo
63,Pedir Certidão de Teor,Obter cópia integral de registo civil,Documentos,Certidões,Instituto dos Registos e Notariado,Administração Central,Online e Presencial,Sim,Chave Móvel Digital,20.00,5,Cidadãos,Bragança,Mirandela,Sim,https://eportugal.gov.pt/servicos/pedir-certidao-teor,"certidão, teor, registo civil, cópia integral",2024-09-12,2400,4.4,10,Documento de identificação,Código do Registo Civil,Português,Sim,Ativo
64,Comunicar Cessação de Atividade,Declarar fim de atividade às Finanças,Finanças,Atividade,Autoridade Tributária e Aduaneira,Administração Central,Online,Sim,Chave Móvel Digital,0.00,0,Trabalhadores Independentes,Viana do Castelo,Arcos de Valdevez,Sim,https://eportugal.gov.pt/servicos/comunicar-cessacao-atividade,"cessação, atividade, encerramento, finanças",2024-10-18,2200,4.0,10,NIF,Código do IRS,Português,Sim,Ativo
65,Pedir Licença de Uso e Porte de Arma,Requerer autorização para posse de arma,Segurança,Licenças,Polícia de Segurança Pública,Administração Central,Presencial,Sim,Cartão de Cidadão,85.00,45,Cidadãos,Lisboa,Amadora,Não,https://eportugal.gov.pt/servicos/pedir-licenca-uso-porte-arma,"arma, licença, porte, PSP",2024-08-08,2100,3.5,60,"CC, Atestado médico, Registo criminal, Curso",Lei das Armas,Português,Sim,Ativo
66,Consultar Situação Fiscal,Verificar cumprimento obrigações tributárias,Finanças,Consultas,Autoridade Tributária e Aduaneira,Administração Central,Online,Sim,Chave Móvel Digital,0.00,0,Contribuintes,Açores,Horta,Sim,https://eportugal.gov.pt/servicos/consultar-situacao-fiscal,"situação fiscal, finanças, AT, obrigações",2024-12-01,22000,4.2,3,NIF,Lei Geral Tributária,Português,Sim,Ativo
67,Pedir Subsídio de Doença,Requerer prestação por incapacidade temporária,Segurança Social,Prestações Sociais,Instituto da Segurança Social,Administração Central,Online e Presencial,Sim,Chave Móvel Digital,0.00,15,Trabalhadores,Madeira,Santa Cruz,Sim,https://eportugal.gov.pt/servicos/pedir-subsidio-doenca,"subsídio, doença, baixa médica, incapacidade",2024-11-08,9500,3.7,20,"CIT, Documento identificação",Decreto-Lei 28/2004,Português,Sim,Ativo
68,Registar Testamento,Depositar última vontade em registo oficial,Documentos,Registo Civil,Instituto dos Registos e Notariado,Administração Central,Presencial,Sim,Cartão de Cidadão,30.00,1,Cidadãos,Coimbra,Coimbra,Não,https://eportugal.gov.pt/servicos/registar-testamento,"testamento, registo, última vontade",2024-06-25,1900,4.1,30,Cartão de Cidadão,Código Civil,Português,Sim,Ativo
69,Pedir Certidão Predial,Obter informação sobre imóvel registado,Documentos,Registo Predial,Instituto dos Registos e Notariado,Administração Central,Online e Presencial,Sim,Chave Móvel Digital,15.00,3,Proprietários e Interessados,Aveiro,Ílhavo,Sim,https://eportugal.gov.pt/servicos/pedir-certidao-predial,"certidão, predial, imóvel, registo",2024-10-30,7800,4.3,8,Dados do imóvel,Código do Registo Predial,Português,Sim,Ativo
70,Pedir Visto de Estudo,Requerer autorização para estudar em Portugal,Estrangeiros,Vistos,Ministério dos Negócios Estrangeiros,Administração Central,Presencial,Sim,Passaporte,75.00,45,Estudantes Estrangeiros,Lisboa,Lisboa,Parcialmente,https://eportugal.gov.pt/servicos/pedir-visto-estudo,"visto, estudo, estudante, estrangeiro",2024-09-01,4500,3.0,75,"Passaporte, Carta aceitação, Meios subsistência",Lei 23/2007,"Português, Inglês",Sim,Sazonal
71,Renovar Cartão ADSE,Atualizar cartão de beneficiário ADSE,Saúde,ADSE,ADSE - Instituto de Proteção e Assistência na Doença,Administração Central,Online,Sim,Chave Móvel Digital,0.00,10,Funcionários Públicos,Braga,Famalicão,Sim,https://eportugal.gov.pt/servicos/renovar-cartao-adse,"ADSE, cartão, renovação, beneficiário",2024-11-25,1700,4.0,8,Número de beneficiário,Decreto-Lei 118/83,Português,Sim,Ativo
72,Pedir Declaração de Situação Contributiva,Comprovar regularidade perante SS,Segurança Social,Certidões,Instituto da Segurança Social,Administração Central,Online,Sim,Chave Móvel Digital,0.00,0,Cidadãos e Empresas,Faro,Albufeira,Sim,https://eportugal.gov.pt/servicos/pedir-declaracao-situacao-contributiva,"declaração, contributiva, segurança social, situação",2024-12-05,12500,4.6,3,NISS ou NIPC,N/A,Português,Sim,Ativo
73,Consultar Vagas de Emprego,Pesquisar ofertas no portal do IEFP,Emprego,Consultas,Instituto do Emprego e Formação Profissional,Administração Central,Online,Não,Sem autenticação,0.00,0,Desempregados,Santarém,Rio Maior,Sim,https://eportugal.gov.pt/servicos/consultar-vagas-emprego,"emprego, vagas, ofertas, IEFP",2024-12-10,35000,3.8,5,N/A,N/A,Português,Sim,Ativo
74,Pedir Nacionalidade Portuguesa,Requerer cidadania por naturalização,Documentos,Nacionalidade,Instituto dos Registos e Notariado,Administração Central,Presencial,Sim,Passaporte,250.00,365,Estrangeiros Residentes,Lisboa,Lisboa,Parcialmente,https://eportugal.gov.pt/servicos/pedir-nacionalidade-portuguesa,"nacionalidade, cidadania, naturalização, portuguesa",2024-10-05,3200,2.5,120,"Passaporte, Autorização residência, Comprovativo conhecimento língua, Registo criminal",Lei da Nacionalidade,"Português, Inglês",Sim,Ativo
75,Pedir Isenção de IMI,Requerer dispensa de imposto municipal,Finanças,Impostos,Autoridade Tributária e Aduaneira,Administração Central,Online,Sim,Chave Móvel Digital,0.00,30,Proprietários,Leiria,Pombal,Sim,https://eportugal.gov.pt/servicos/pedir-isencao-imi,"IMI, isenção, imposto, municipal",2024-12-01,6500,3.9,15,"Caderneta predial, Comprovativo rendimentos",Código do IMI,Português,Sim,Ativo
76,Registar Contrato de Arrendamento,Comunicar contrato de aluguer às Finanças,Habitação,Arrendamento,Autoridade Tributária e Aduaneira,Administração Central,Online,Sim,Chave Móvel Digital,0.00,0,Senhorios,Porto,Porto,Sim,https://eportugal.gov.pt/servicos/registar-contrato-arrendamento,"arrendamento, contrato, registo, finanças",2024-11-18,5200,4.0,15,Contrato de arrendamento,Lei do Arrendamento Urbano,Português,Sim,Ativo
77,Pedir Certidão Comercial,Obter informação sobre empresa registada,Empresas,Certidões,Instituto dos Registos e Notariado,Administração Central,Online e Presencial,Sim,Chave Móvel Digital,20.00,3,Empresas e Interessados,Setúbal,Palmela,Sim,https://eportugal.gov.pt/servicos/pedir-certidao-comercial,"certidão, comercial, empresa, registo",2024-10-25,4800,4.4,8,NIPC da empresa,Código do Registo Comercial,Português,Sim,Ativo
78,Pedir Equivalência de Habilitações,Reconhecer qualificações estrangeiras,Educação,Equivalências,Direção-Geral da Educação,Administração Central,Presencial,Sim,Cartão de Cidadão,50.00,60,Estudantes Estrangeiros,Évora,Évora,Parcialmente,https://eportugal.gov.pt/servicos/pedir-equivalencia-habilitacoes,"equivalência, habilitações, reconhecimento, diploma estrangeiro",2024-08-20,2800,3.4,45,"Diploma original, Tradução certificada, Plano estudos",N/A,"Português, Inglês",Sim,Ativo
79,Consultar IMT a Pagar,Verificar imposto devido em transação imobiliária,Finanças,Impostos,Autoridade Tributária e Aduaneira,Administração Central,Online,Não,Sem autenticação,0.00,0,Compradores de Imóveis,Viseu,Tondela,Sim,https://eportugal.gov.pt/servicos/consultar-imt-pagar,"IMT, imposto, simulador, imóvel",2024-11-28,15000,4.3,3,Valor do imóvel,Código do IMT,Português,Sim,Ativo
80,Pedir Reconhecimento de Grau,Obter equivalência de diploma universitário,Educação,Equivalências,Direção-Geral do Ensino Superior,Administração Central,Online e Presencial,Sim,Chave Móvel Digital,150.00,90,Licenciados Estrangeiros,Guarda,Guarda,Sim,https://eportugal.gov.pt/servicos/pedir-reconhecimento-grau,"reconhecimento, grau, diploma, universidade",2024-09-15,2200,3.3,60,"Diploma, Suplemento diploma, Tradução",Decreto-Lei 66/2018,"Português, Inglês",Sim,Ativo
81,Pedir Abono Pré-natal,Requerer prestação durante gravidez,Segurança Social,Prestações Familiares,Instituto da Segurança Social,Administração Central,Online e Presencial,Sim,Chave Móvel Digital,0.00,20,Grávidas,Portalegre,Ponte de Sor,Sim,https://eportugal.gov.pt/servicos/pedir-abono-pre-natal,"abono, pré-natal, gravidez, prestação",2024-07-28,4200,4.1,20,"CC, Atestado gravidez",Decreto-Lei 176/2003,Português,Sim,Ativo
82,Consultar Resultados Exames,Verificar notas de provas nacionais,Educação,Consultas,Júri Nacional de Exames,Administração Central,Online,Sim,Chave Móvel Digital,0.00,0,Estudantes,Castelo Branco,Covilhã,Sim,https://eportugal.gov.pt/servicos/consultar-resultados-exames,"exames, resultados, notas, JNE",2024-07-15,120000,4.0,3,Número de estudante,N/A,Português,Sim,Sazonal
83,Pedir Atestado de Residência,Comprovar morada junto da Junta de Freguesia,Documentos,Atestados,Junta de Freguesia,Administração Local,Presencial,Sim,Cartão de Cidadão,5.00,1,Cidadãos,Bragança,Macedo de Cavaleiros,Não,https://eportugal.gov.pt/servicos/pedir-atestado-residencia,"atestado, residência, junta, freguesia",2024-10-10,8500,3.9,15,Cartão de Cidadão,N/A,Português,Sim,Ativo
84,Pedir Subsídio por Morte,Requerer apoio em caso de falecimento de familiar,Segurança Social,Prestações Sociais,Instituto da Segurança Social,Administração Central,Online e Presencial,Sim,Chave Móvel Digital,0.00,30,Familiares,Viana do Castelo,Ponte de Lima,Sim,https://eportugal.gov.pt/servicos/pedir-subsidio-morte,"subsídio, morte, funeral, apoio",2024-08-15,3800,3.8,25,"Certidão óbito, CC requerente, Comprovativo parentesco",Decreto-Lei 142/2015,Português,Sim,Ativo
85,Registar Logradouro,Associar proprietário a prédio rústico,Documentos,Registo Predial,Instituto dos Registos e Notariado,Administração Central,Presencial,Sim,Cartão de Cidadão,100.00,20,Proprietários Rurais,Beja,Serpa,Não,https://eportugal.gov.pt/servicos/registar-logradouro,"logradouro, prédio rústico, registo",2024-06-10,1200,3.6,40,"Escritura, Caderneta predial",Código do Registo Predial,Português,Sim,Ativo
86,Pedir Pensão de Sobrevivência,Requerer pensão por falecimento de cônjuge,Segurança Social,Pensões,Instituto da Segurança Social,Administração Central,Online e Presencial,Sim,Chave Móvel Digital,0.00,60,Viúvos e Órfãos,Açores,Ribeira Grande,Sim,https://eportugal.gov.pt/servicos/pedir-pensao-sobrevivencia,"pensão, sobrevivência, viúvo, órfão",2024-09-08,3500,3.6,40,"Certidão óbito, Certidão casamento, CC",Decreto-Lei 187/2007,Português,Sim,Ativo
87,Consultar Registo Predial Online,Verificar informação sobre imóveis,Documentos,Registo Predial,Instituto dos Registos e Notariado,Administração Central,Online,Sim,Chave Móvel Digital,1.00,0,Cidadãos e Empresas,Madeira,Machico,Sim,https://eportugal.gov.pt/servicos/consultar-registo-predial-online,"registo predial, imóvel, consulta, online",2024-11-30,9200,4.2,5,Código do prédio ou NIF,Código do Registo Predial,Português,Sim,Ativo
88,Pedir Licença Especial para Condução de Ciclomotores,Requerer autorização para conduzir ciclomotores,Transportes,Condução,Instituto da Mobilidade e dos Transportes,Administração Central,Presencial,Sim,Cartão de Cidadão,15.00,15,Maiores de 14 Anos,Vila Real,Peso da Régua,Não,https://eportugal.gov.pt/servicos/pedir-licenca-especial-conducao-ciclomotores,"ciclomotor, licença, condução, IMT",2024-07-05,1800,3.7,25,"CC, Atestado médico",Código da Estrada,Português,Sim,Ativo
89,Pedir Certidão de Solteiro,Comprovar estado civil de solteiro,Documentos,Certidões,Instituto dos Registos e Notariado,Administração Central,Online e Presencial,Sim,Chave Móvel Digital,10.00,5,Cidadãos,Coimbra,Lousã,Sim,https://eportugal.gov.pt/servicos/pedir-certidao-solteiro,"certidão, solteiro, estado civil",2024-10-15,2800,4.3,10,Documento de identificação,Código do Registo Civil,Português,Sim,Ativo
90,Pedir Pensão de Invalidez,Requerer pensão por incapacidade permanente,Segurança Social,Pensões,Instituto da Segurança Social,Administração Central,Online e Presencial,Sim,Chave Móvel Digital,0.00,90,Trabalhadores Incapacitados,Aveiro,Santa Maria da Feira,Sim,https://eportugal.gov.pt/servicos/pedir-pensao-invalidez,"pensão, invalidez, incapacidade, permanente",2024-08-22,2600,3.4,45,"CC, Atestado incapacidade, Carreira contributiva",Decreto-Lei 187/2007,Português,Sim,Ativo
91,Consultar Medicamentos Comparticipados,Verificar lista de fármacos com comparticipação,Saúde,Consultas,INFARMED,Administração Central,Online,Não,Sem autenticação,0.00,0,Utentes SNS,Lisboa,Cascais,Sim,https://eportugal.gov.pt/servicos/consultar-medicamentos-comparticipados,"medicamentos, comparticipação, INFARMED, farmácia",2024-12-08,6500,4.1,3,N/A,Decreto-Lei 97/2015,Português,Sim,Ativo
92,Pedir Autorização de Residência para Investimento,Golden Visa para investidores estrangeiros,Estrangeiros,Residência,Agência para a Integração Migrações e Asilo,Administração Central,Presencial,Sim,Passaporte,5325.00,60,Investidores Estrangeiros,Lisboa,Lisboa,Parcialmente,https://eportugal.gov.pt/servicos/pedir-autorizacao-residencia-investimento,"golden visa, investimento, residência, ARI",2024-11-10,1500,3.2,90,"Passaporte, Comprovativo investimento, Registo criminal",Lei 23/2007,"Português, Inglês",Sim,Ativo
93,Registar Divórcio,Formalizar dissolução de casamento,Documentos,Registo Civil,Instituto dos Registos e Notariado,Administração Central,Presencial,Sim,Cartão de Cidadão,280.00,30,Cônjuges,Porto,Gondomar,Parcialmente,https://eportugal.gov.pt/servicos/registar-divorcio,"divórcio, dissolução, casamento, separação",2024-09-25,2200,3.9,45,"CC de ambos, Certidão casamento, Acordo",Código do Registo Civil,Português,Sim,Ativo
94,Pedir Cartão de Estacionamento para Pessoas com Deficiência,Obter dístico para lugares reservados,Transportes,Acessibilidade,Instituto da Mobilidade e dos Transportes,Administração Central,Online e Presencial,Sim,Chave Móvel Digital,0.00,15,Pessoas com Deficiência,Braga,Vila Nova de Famalicão,Sim,https://eportugal.gov.pt/servicos/pedir-cartao-estacionamento-pessoas-deficiencia,"estacionamento, deficiência, dístico, mobilidade",2024-10-28,2000,4.0,20,"CC, Atestado médico multiusos",Decreto-Lei 307/2003,Português,Sim,Ativo
95,Consultar Curriculum da Segurança Social,Verificar histórico de prestações recebidas,Segurança Social,Consultas,Instituto da Segurança Social,Administração Central,Online,Sim,Chave Móvel Digital,0.00,0,Cidadãos,Setúbal,Montijo,Sim,https://eportugal.gov.pt/servicos/consultar-curriculum-seguranca-social,"curriculum, prestações, segurança social, histórico",2024-11-22,4500,4.2,3,NISS,N/A,Português,Sim,Ativo
96,Pedir Comprovativo de Morada,Obter documento oficial com endereço,Documentos,Atestados,Múltiplas Entidades,Administração Central,Online e Presencial,Sim,Chave Móvel Digital,0.00,3,Cidadãos,Faro,Tavira,Sim,https://eportugal.gov.pt/servicos/pedir-comprovativo-morada,"morada, comprovativo, endereço, residência",2024-12-03,12000,4.1,8,Documento de identificação,N/A,Português,Sim,Ativo
97,Registar Nascimento de Português no Estrangeiro,Comunicar nascimento ocorrido fora de Portugal,Documentos,Registo Civil,Instituto dos Registos e Notariado,Administração Central,Presencial,Sim,Passaporte,0.00,30,Pais Portugueses no Estrangeiro,Lisboa,Lisboa,Parcialmente,https://eportugal.gov.pt/servicos/registar-nascimento-portugues-estrangeiro,"nascimento, estrangeiro, registo, consulado",2024-08-30,1800,3.8,40,"Certidão nascimento local, CC ou Passaporte pais",Código do Registo Civil,"Português, Inglês",Sim,Ativo
98,Pedir Subsídio de Apoio ao Cuidador Informal,Requerer apoio para cuidadores familiares,Segurança Social,Prestações Sociais,Instituto da Segurança Social,Administração Central,Online e Presencial,Sim,Chave Móvel Digital,0.00,30,Cuidadores Informais,Leiria,Batalha,Sim,https://eportugal.gov.pt/servicos/pedir-subsidio-apoio-cuidador-informal,"cuidador, informal, subsídio, apoio",2024-10-18,1600,3.5,30,"CC, Atestado médico da pessoa cuidada, Comprovativo cuidados",Lei 100/2019,Português,Sim,Ativo
99,Consultar Calendário Fiscal,Verificar prazos de obrigações tributárias,Finanças,Consultas,Autoridade Tributária e Aduaneira,Administração Central,Online,Não,Sem autenticação,0.00,0,Contribuintes,Évora,Vendas Novas,Sim,https://eportugal.gov.pt/servicos/consultar-calendario-fiscal,"calendário, fiscal, prazos, obrigações",2024-01-15,8000,4.4,3,N/A,Lei Geral Tributária,Português,Sim,Ativo
100,Pedir Visto de Reagrupamento Familiar,Requerer autorização para familiares de residentes,Estrangeiros,Vistos,Ministério dos Negócios Estrangeiros,Administração Central,Presencial,Sim,Passaporte,90.00,90,Familiares de Residentes,Lisboa,Lisboa,Parcialmente,https://eportugal.gov.pt/servicos/pedir-visto-reagrupamento-familiar,"reagrupamento, familiar, visto, residência",2024-11-05,2100,2.7,120,"Passaporte, Comprovativo parentesco, AR do familiar residente",Lei 23/2007,"Português, Inglês",Sim,Ativo
